,source,nom,description,ingredients,Difficulte,temps_preparation,temps_cuisson,temps_total,image
0,https://cuisine.journaldesfemmes.fr/recette/3136824-tchoutchouka-aux-oeufs,Tchoutchouka aux oeufs,"Découvrez ma recette revisitée de tchoutchouka aux oeufs sans poivron ! Ce plat est un incontournable de la cuisine maghrébine, savoureux et épicé, il se marie à la perfection avec des pains pitas.",4 à 5 Tomate - 1/2 Courgette - 1 Oignon - 1 à 2 gousse Ail - 1 piment rouge - 8 feuilles Basilic frais - 2 Oeuf - 1 cube de bouillon de légumes -  Basilic ou origan séché -  Paprika -  Curry -  Huile d'olive -  Sel -  Poivre,Facile,15 mn,20 mn,35 mn,https://img-3.journaldesfemmes.fr/pgMPCg6nXgpWxTp_Q-Y8UUL_sII=/750x500/f8377795a21b4b0ca36eb0bd52cc8d8a/ccmcms-jdf/39719309.jpg
1,https://cuisine.journaldesfemmes.fr/recette/323081-tajine-de-poulet-aux-abricots-pruneaux-et-amandes,"Tajine de poulet aux abricots, pruneaux et amandes",Tout simplement délicieux... et encore plus quand ce plat est servi avec une semoule aux épices.,2 Tomate - 2 Oignon - 200 g Pruneau - 1 douzaine d'abricots secs - 15 Amande - 1 dosette safran - 1 cube Bouillon de légumes - 1 pincée Cannelle - 1 pincée Cumin -  Huile d'olive -  Sel -  Poivre - 1 c à s graines de sésame - 500 ml Eau,Facile,30 mn,45 mn,1 h 15 mn,https://img-3.journaldesfemmes.fr/NSYvvG4gpXTzA9ZRwDRuwqdD560=/750x500/6ba1c0377637407489323a97971059e3/ccmcms-jdf/39907129.jpg
2,https://cuisine.journaldesfemmes.fr/recette/3112613-makrout-aux-dattes-facile-au-four,Makrout aux dattes facile au four,"Savourez ce Makrout aux dattes cuit au four. Le makrout est une pâtisserie maghrébine composée de semoule fine et moyenne, farcie aux dattes frites et gorgée au miel. Je vous propose un makrout au four très léger et tout aussi gourmand que celui frit.",125 g Semoule fine - 125 g Semoule moyenne - 1 pincée Sel - 70 ml Beurre fondu - 4 c à s Eau de fleur d'oranger - 60 ml Eau froide,Facile,30 mn,25 mn,3 h 55 mn,https://img-3.journaldesfemmes.fr/M61ZUDMpnyMopSFNRTHFhi32GbU=/750x500/a8112b386d1f4d4aaa6623f4b2fe9c21/ccmcms-jdf/39700288.jpg
3,https://cuisine.journaldesfemmes.fr/recette/3139592-cornes-de-gazelles-orientales-moelleuses,Cornes de gazelles orientales moelleuses,"Délicieuses ces cornes de gazelle orientales !! Fans de fleur d'oranger comme moi ? Ne cherchez plus, vous venez de trouver la bonne recette, inratable et facile à réaliser. On sert ces petites merveilles avec un bon thé à la menthe ou une tasse de café, pour le goûter de tous les jours et surtout pendant les fêtes de l'Aïd. Cette recette vous fait 20 cornes de gazelle.",300 g Farine - 100 g Beurre - 1 pincée Sel - 1 pincée Levure chimique - 1 c à s Sucre glace - 8 cl Eau de fleur d'oranger,Facile,30 mn,20 mn,50 mn,https://img-3.journaldesfemmes.fr/OyxofPXUHdhQXrFsTJeBIQGA7Ps=/750x500/bdb29ffb9e9d497bb458bef9fefcdaa7/ccmcms-jdf/39879603.jpg
4,https://cuisine.journaldesfemmes.fr/recette/3121190-rfissa-de-poulet-a-la-marocaine,Rfissa de poulet à la marocaine,Ce plat très complet est servi très souvent aux mamans qui viennent d'accoucher pour leur redonner des forces !,300 g semoule fine - 500 g farine T55 - 1 c à c sel fin - 500 ml eau tiède,Difficile,3 h,1 h,4 h,https://img-3.journaldesfemmes.fr/7aOMNAzaV5PR3QM8OXjoWqLqHGo=/750x500/59e0681f5f3b4f70b0d66259101c71a0/ccmcms-jdf/39707109.jpg
5,https://cuisine.journaldesfemmes.fr/recette/3134136-ghriba-praline,Ghriba praliné,"Voici mon inratable recette des ghirbias, ghraybas, ghribas, ghreyba, au beurre et au praliné. C'est ma version revisitée du Ghriba, le traditionnel gâteau marocain.","500 g Farine - 175 g Sucre glace - 125 ml Huile de tournesol - 125 g Beurre fondu - 1 pincée Sel - 2 c à s Praliné noisette - 2 c à s Praliné amande - 7 g Levure chimique - 0,5 c à c Cannelle -  Amande pour décorer",Facile,25 mn,20 mn,1 h 45 mn,https://img-3.journaldesfemmes.fr/315Urw9I1OTc8WaVv73wtNVlmrM=/750x500/340f18587f304c528efeaf96b5ed448b/ccmcms-jdf/39717171.jpg
6,https://cuisine.journaldesfemmes.fr/recette/349218-couscous-vegetarien,Couscous végétarien : la recette facile,"Découvrez cette recette gourmande et savoureuse de couscous végétarien ! Simple, facile à réaliser et économique, cette recette ensoleillée ravira vos papilles !",150 g Haricot vert - 150 g Petit pois - 150 g Carotte nouvelle - 1 Poivron rouge - 4 c à s Huile d'olive - 130 g Maïs en grains - 500 g Semoule - 1 Bouquet de persil -  Sel -  Poivre,Facile,15 mn,25 mn,40 mn,https://img-3.journaldesfemmes.fr/3u7JMU2BuWrb3hinIMKR8QiXNbY=/750x500/5828ffdfcca843a1b78a50602c5c596e/ccmcms-jdf/39886921.jpg
7,https://cuisine.journaldesfemmes.fr/recette/322524-pastilla-au-poulet,Pastilla facile au poulet,"Découvrez ma recette de pastilla au poulet facile à faire grrâce à mes conseils et astuces.
Parfumée et épicée, cette recette marocaine, sucré-salé, est très apprécié de tous pendant les fêtes.",5 escalopes de poulet émincées - 120 g beurre fondu pour badigeonner les feuilles - 4 petits oeufs - 1 gros oignon -  amandes grillées et concassées - 1 dose safran -  coriandre -  persil - 1 c à c cumin - 1/2 c à c gingembre - 1/2 c à c herbes de Provence -  sel poivre -  sucre glace et cannelle poudre pour le décor,Facile,15 mn,20 mn,35 mn,https://img-3.journaldesfemmes.fr/B07mFawcWVO5qeCYUYrYONZLVec=/750x500/9138a178489b457aa3b947012ab9d696/ccmcms-jdf/39911532.jpg
8,https://cuisine.journaldesfemmes.fr/recette/307337-chorba,Chorba : la meilleure recette,"C'est un plat typique au mois du ramadan. Chaque soir la famille se réunit et deguste la chorba, cette soupe pleine de saveurs qui s'accompagne toujours avec des boreks (feuilletés de brick avec fromage, poulet ou boeuf haché, oeufs et coriandre).",1 poulet fermier ou 2 kg de mouton - 6 Tomate - 1/2 c à c piment doux en poudre - 3 ls Eau - 1 gousse Ail - 1 Oignon - 1 bouquet Coriandre - 3 Citron - 250 g Pois chiche -  petites pâtes langue d'oiseau ou boulgour (on les trouve dans les magasins orientaux),Difficile,4 h,3 h 20 mn,10 h 20 mn,https://img-3.journaldesfemmes.fr/ZzHow-_Ds5hccp80pXqyClzO5tA=/750x500/4dc7ddf2eb674b80a10153168cf35fd3/ccmcms-jdf/39813686.jpg
9,https://cuisine.journaldesfemmes.fr/recette/349630-pain-du-ramadan,Pain du Ramadan : la meilleure recette,"Découvrez cette recette de pain du ramadan très léger à la farine, que je fais pour le ftour du ramadan pour accompagner ma soupe, particulièrement la chorba. Toute la famille raffole de ce pain arabe au four. La recette est très facile, je vous la recommande !","250 g Farine - 13 g Beurre - 0,5 c à s Sel - 150 ml Eau -  Lait (pour la dorure) -  Graine de pavot (et autres graines) - 0,5 c à s Levure sèche",Facile,30 mn,20 mn,1 h 50 mn,https://img-3.journaldesfemmes.fr/oHrNou4nGvvFKX4Q4wzHsbDHiBw=/750x500/54310f26c7734e60a77af86931a61761/ccmcms-jdf/39883136.jpg
10,https://cuisine.journaldesfemmes.fr/recette/355136-crepes-marocaines-msemen,Crêpes marocaines (Msemen) : la meilleure recette,"Préparée à base de farine, cette recette sans semoule est une crêpe fine très feuilleté, croustillante. Elle se dégustent avec de la pâte à tartiner, de la confiture, ou du miel selon les envies.",650 g Farine - 1 c à c Sel - 350 ml Eau tiède - 50 g Beurre doux fondu - 40 cl Huile de tournesol,Facile,30 mn,5 mn,1 h 25 mn,https://img-3.journaldesfemmes.fr/ej6prJLKL0fVdAlmyg7z_s8YU0E=/750x500/a2ddfa2e8e0c4d1291919790c3612e27/ccmcms-jdf/39880302.jpg
11,https://cuisine.journaldesfemmes.fr/recette/323015-salade-de-pois-chiches-a-l-orientale,Salade de pois chiches à l'orientale,"Petite salade de pois-chiche à l'oriental toute simple, agréablement parfumée, à savourer dès les premiers beaux jours.",250 g pois chiches au naturel - 2 Tomate grappe - 1/2 c à c graines de cumin,Facile,15 mn,0 mn,15 mn,https://img-3.journaldesfemmes.fr/0_TDmtJJSt6jYY12nZtL8NLWOV8=/750x500/12591da908c64b88b45b546f087b3e11/ccmcms-jdf/39907558.jpg
12,https://cuisine.journaldesfemmes.fr/recette/348292-couscous-royal-la-meilleure-recette,Couscous royal marocain traditionnel : la recette facile,"Découvrez ma recette de couscous royal marocain : semoule, agneau, poulet, merguez et légumes. Ce plat est idéal pour régaler votre famille et vos amis lors de soirées festives, de plus vous pouvez facilement le conserver quelques jours au frais.",1 kg semoule à couscous calibre moyen - 1 kg Agneau épaule - 1 kg Poulet pilons - 1 kg merguez - 150 g Pois chiche - 500 g Navet - 500 g Carotte - 500 g Courgette - 2 Oignon - 1 Tomate râpée - 1 c à c safran - 1 c à c piment doux - 1 bouquet Coriandre - 200 g Beurre -  Sel -  Poivre,Facile,45 mn,1 h,1 h 45 mn,https://img-3.journaldesfemmes.fr/tpJvQ_wIBoCVUkLXEafw989xYaY=/750x500/3d9290e86b9d4d1dae72ff12e8f29554/ccmcms-jdf/39870165.jpg
13,https://cuisine.journaldesfemmes.fr/recette/352214-poulet-au-citron,Poulet au citron,"Cette recette de tajine au poulet et au citron est une recette marocaine. Pour lui donner du goût j'utilise plusieurs épices comme le cumin, la muscade et la cannelle. C'est une recette familiale que je conseille de servir avec de la semoule.",1 kilo poulet (déjà coupé) - 2 Oignon - 4 gousses ail - 1/2 cube bouillon de poulet - 1 poignée persil - 1/2 botte coriandre - 2 c à c gingembre en poudre - 2 c à c cannelle en poudre - 1 c à c cumin moulu - 1/2 c à c colorant alimentaire ou une pincée de safran - 1 citron - 1 verre olive verte - 1/2 verre huile d'olive -  Poivre -  Semoule ou pain,Facile,20 mn,1 h,2 h 20 mn,https://img-3.journaldesfemmes.fr/OBK_GqqSgCkTFcX_QLqW_2DTBLE=/750x500/43c6199051794c39a2722a45726920e1/ccmcms-jdf/39884147.jpg
14,https://cuisine.journaldesfemmes.fr/recette/351658-tajine-de-poulet-aux-citrons-confits-et-abricots,Tajine de poulet marocain : la meilleure recette,"Savourez ce tajine de poulet aux citrons confits et abricots. Une recette familiale avec de la bonne volaille parfumée au cumin, safran, gingembre, coriandre, cannelle... Une recette à préparer aussi durant le Ramadan.",8 Cuisse de poulet - 200 g Citron confit - 200 g Abricot sec - 2 Oignon - 1 gousse Ail - 1 cube Bouillon de poule -  Coriandre -  Cannelle -  Cumin -  Curcuma -  Safran -  Gingembre -  Piment -  Sel -  Poivre,Facile,30 mn,1 h,1 h 30 mn,https://img-3.journaldesfemmes.fr/navsR1KcoKigGrg1zwCeYFZYUHs=/750x500/f757cc0c43e947b3a509bd31ef90c768/ccmcms-jdf/39888315.jpg
15,https://cuisine.journaldesfemmes.fr/recette/339212-tajine-d-agneau-aux-legumes,Tajine d'agneau aux légumes : la meilleure recette,"Découvrez ma recette orientale de tajine d'agneau marocain aux légumes riches en saveurs. Un grand incontournable de la cuisine marocaine, cette recette ravira vos papilles grâce à sa viande moelleuse et ses légumes fondants.",1 kg Épaule d'agneau désossée - 4 Aubergine - 4 Courgette - 1 Tomate - 1 Oignon - 200 g Pois chiches cuits en bocal - 100 g Olive tailladée violette - 2 Citron confit - 1 c à s Cumin en poudre - 1 c à s Gingembre en poudre - 1 c à c Piment fort en poudre -  Poivre - 6 c à s Huile d'olive -  Coriandre fraîche (facultatif),Facile,20 mn,2 h,2 h 20 mn,https://img-3.journaldesfemmes.fr/qdc-KyX3cZnJHWs2TmX83IL42h0=/750x500/4fe301a9b20e4d3285fa99f78c89e3d3/ccmcms-jdf/39868709.jpg
16,https://cuisine.journaldesfemmes.fr/recette/315245-couscous-aux-legumes,Couscous aux légumes : la recette facile,"Le couscous aux légumes, un de mes plats préférés... Un mélange simple et pourtant tellement savoureux !",1 Courgette - 1 Poivron rouge - 1 Poivron jaune - 4 Carotte - 350 g Pois chiches - 1 Oignon - 3 verres Purée de tomate -  Sauce soja (facultatif) - 2 verres Semoule - 2 verres Eau - 40 g Beurre - 4 pincées Sel,Facile,20 mn,30 mn,50 mn,https://img-3.journaldesfemmes.fr/fLM7p9itgEnriRtreV-0pmesO2A=/750x500/2af381ea1e92405a8c43f91396abf523/ccmcms-jdf/39949768.jpg
17,https://cuisine.journaldesfemmes.fr/recette/309167-bricks-a-la-viande,Bricks à la viande hachée à la marocaine : la recette facile,"Retrouvez cette recette de bricks à la viande hachée et aux pommes de terre. Des bouchées savoureuses, parfaites au dîner comme à l'apéritif, maison aussi lors du Ramadan. Les bricks sont parfaitement relevées avec la menthe, le cumin et le piment.",200 g Viande hachée - 1 Pomme de terre - 1 Oignon - 15 feuilles Menthe fraîche -  Sel poivre - 1/2 c à c Cumin (facultatif) - 1 c à c Piment en poudre - 1 Oeuf -  Huile pour friture,Facile,25 mn,10 mn,35 mn,https://img-3.journaldesfemmes.fr/wTA9kGwyiAlqhKibY-wqEUXwmLI=/750x500/6f85180d0fb34405863b2a2342fbd25c/ccmcms-jdf/39949936.jpg
18,https://cuisine.journaldesfemmes.fr/recette/316996-batbout-nature,Batbout moelleux à la marocaine : la recette rapide,"Ces délicieux batbouts marocains nature à la farine sont des petits pains faciles, inratables et rapides à réaliser. Vous pourrez aussi bien les déguster garnis que nature pour accompagner vos plats ! C'est un pain maison que l'on prépare souvent au Ramadan.","250 g Farine de blé - 100 g Farine blanche ( semouline ) - 0,25 c à c Sel - 1 c à s Levure boulangère - 1 verre Eau tiède",Facile,30 mn,5 mn,1 h 35 mn,https://img-3.journaldesfemmes.fr/xRXFt60tPEw5T_xHrmF26SHD7ZE=/750x500/d2760f121dd44afd8b4a4cf88171b088/ccmcms-jdf/39953618.jpg
19,https://cuisine.journaldesfemmes.fr/recette/319138-crepes-mille-trous,Crêpes mille trous inratables : la recette facile,Voici la recette inratable des crêpes mille trous. Une recette du Maghreb qui ensoleille les petits déjeuners et les goûters ! Je vous partage les doses exactes pour réussir à 100% votre pâte à crêpes.,1 verre Farine - 2 verres Semoule fine - 1 c à s Levure boulangère - 1/2 c à c Sel - 1 sachet Levure chimique - 4 verres Eau tiède,Facile,10 mn,20 mn,50 mn,https://img-3.journaldesfemmes.fr/PcruRPTSBvaxr9qEYKIpwSJ7xhA=/750x500/3f3a8616cf7b467a843f57062175bb7d/ccmcms-jdf/39953633.jpg
20,https://cuisine.journaldesfemmes.fr/recette/3100237-tajine-d-agneaux-aux-pommes,Tajine d'agneaux aux pommes,"Pink Lady vous aide à vous évader en vous proposant cette délicieuse recette de tajine d'agneaux sucrée, salée accompagnée de pommes.",2 Pommes Pink Lady - 1/2 Citron -  Poivre -  Sel - 3 c à s Huile d'olive - 2 c à s Miel - 20 g Beurre - 30 g Amandes effilées - 1 c à c Piment doux - 2 gousses Ail - 250 ml Eau - 30 g Raisin sec blond - 2 Carottes - 1/2 c à c Cannelle - 600 g Epaule d'agneau - 2 Oignons doux - 2 cm Racine de gingembre - 1 c à c Cumin - 1 c à c Coriandre en poudre - 1 c à c Curcuma - 2 pistils Safran - 4 Pommes de terre - 8 Abricots secs - 8 Figues séchées - 1 c à s Eau de fleur d'oranger - 6 branches Coriandre fraîche,Facile,15 mn,2 h,2 h 15 mn,https://img-3.journaldesfemmes.fr/t37jCN2o3f8ZxsEw0dExCE8P5AI=/750x500/50e80b84a35143e391fdf4515f474231/ccmcms-jdf/39689304.jpg
21,https://cuisine.journaldesfemmes.fr/recette/3111767-salade-de-couscous-aux-epices-douces-et-citron-confit,Salade de couscous aux épices douces et citron confit,Une recette de salade acidulée et épicée proposée Sophie cuisine pour Si Bon.,400 g Filet de poulet - 1/2 Citron confit - 10 Olives vertes dénoyautées - 1 poignée Amandes mondées - 1/2 Citron le jus - 4 c à s Huile d'olive une quantité suffisante pour le poulet - 1 branche Persil plat -  Sel -  Poivre,Facile,30 mn,10 mn,45 mn,https://img-3.journaldesfemmes.fr/UgBZJWhqC2jVYIimwhdqxGv18Bg=/750x500/dc9059eb73434f489a4ff8779df59488/ccmcms-jdf/39699670.jpg
22,https://cuisine.journaldesfemmes.fr/recette/3118530-pain-pita-maison-et-ses-falafels,Pain pita maison et ses falafels,Cette recette de pain pita maison et ses falafels est proposée par Peugeot France. Crédit photo : @healthyfood_creation.,250 g Farine de blé - 12 g Levure fraîche de boulanger - 15 cl Eau - 5 g Sel - 1 c à s Huile d'olive,Facile,45 mn,30 mn,1 h 15 mn,https://img-3.journaldesfemmes.fr/9TZH3f_3h72u8C9Ojiz4yo4RmAo=/750x500/18a0e7cb25384da588b3a0e532a847dd/ccmcms-jdf/39704964.jpg
23,https://cuisine.journaldesfemmes.fr/recette/3099979-houmous-au-mais,Houmous au maïs,"Une savoureuse recette de houmous au maïs proposée par la marque d'Aucy. Découvrez comment cuisiner les légumes autrement en toute saison. Une recette idéale pour un apéritif à la fois sain et gourmand. 
Crédit photo : @LesPépitesdeNoisettes",1 petite boîte Pois chiches d'aucy (130g poids net égoutté) - 15 c à s Tahini - 1/2 Citron - 1 petite gousse Ail - 1 c à c Cumin - 3 c à s Huile d'olive - 1 pincée Piment d'Espelette -  Fleur de sel -  Poivre,Facile,15 mn,0 mn,15 mn,https://img-3.journaldesfemmes.fr/Kqmywpa0gnNbyR5MZpLhOCR2B80=/750x500/1d96d9a92222458abdec2f57e19ab063/ccmcms-jdf/39689119.jpg
24,https://cuisine.journaldesfemmes.fr/recette/3108671-chakchouka-sans-oeufs,Chakchouka sans oeufs,"Une recette avec du tofu soyeux à la place des oeufs  pour ceux qui n'en mangent pas ! Un plat léger, facile et rapide fait avec des légumes de saison !",1 Courgette - 1 oignon émincé - 1 poivron rouge - 2 petites tomates - 1 tofu soyeux - 1 Coriandre - 1 Ail - 100 g purée ou coulis de tomate - 1 Raz el hanout - 1 sel et poivre - 1 Huile d'olive,Facile,15 mn,30 mn,45 mn,https://img-3.journaldesfemmes.fr/7V-hpoHzA7qoho3waXqm0xi9C1I=/750x500/381f395070154b238cfe5244fbee0bf2/ccmcms-jdf/39697181.jpg
25,https://cuisine.journaldesfemmes.fr/recette/3092469-couscous-de-chou-fleur-aux-epices,Couscous de chou-fleur aux épices,"Cette recette de couscous de chou-fleur aux épiceses est extraite du livre ""Ma vie en plus funky & veggie !"" de Camille Azoulai paru aux Editions Larousse.",1 Chou fleur - 400 g Haricot rouge en conserve - 130 g Fruits secs (raisins secs et ou abricots secs ou même dattes) - 1 poignée Persil - 2 c à s Huile d'olive - 1 c à s Curcuma - 1 c à s Cumin en poudre - 1 c à s Cannelle - 1 c à s Paprika - 4 c à s Tahini (pour servir) - 1 Citron (pour servir),Facile,30 mn,10 mn,40 mn,https://img-3.journaldesfemmes.fr/jsJ54vWFAcIzOvTXxTk_PTfsrkk=/750x500/d139d426e2e44e0faba56a5d327d3e5d/ccmcms-jdf/39683138.jpg
26,https://sante.journaldesfemmes.fr/genital-urinaire/1024882-comment-vous-vivez-votre-menopause/1024886-duree,Croustillants de sardine en brick,Cette recette de croustillants de sardine en brick est proposée par Perle des dieux.,,Facile,20 mn,0 mn,20 mn,http://graph.benchmark.fr/linternaute/sante/2/7/6/7/0/0/7672_826953.png
27,https://cuisine.journaldesfemmes.fr/recette/3118094-croustillants-de-sardine-en-brick,Croustillants de sardine en brick,Cette recette de croustillants de sardine en brick est proposée par Perle des dieux.,1 boîte Sardine aux poivrons grillés LA PERLE DES DIEUX -  Tapenade d'olives noires,Facile,20 mn,0 mn,20 mn,https://img-3.journaldesfemmes.fr/EC-MJooLH9bHYUj-Ek0dH-3ZbGY=/750x500/4c41a5df5d3e404e8f518d09829e2bf2/ccmcms-jdf/39704636.jpg
28,https://cuisine.journaldesfemmes.fr/recette/3091175-lapin-au-yaourt-a-l-orientale,Lapin au yaourt à l'orientale,Cette recette de lapin au yaourt à l'orientale est proposée par Lapin & Bien. Crédit photo : StockFood/Sucrésalé,3 barquettes de 2 cuisses Lapin Bien - 2 Yaourts veloutés - ½ Citron - 1 c à s Curry en poudre - 1 c à c Cumin en poudre,Facile,10 mn,35 mn,1 h 45 mn,https://img-3.journaldesfemmes.fr/1rJvh2VrBvZl9rzHt-Og2riWL24=/750x500/dbfbde92ac84442cb325ac33937b3c80/ccmcms-jdf/39683654.jpg
